{"cameraMode":{"drawMode":0,"name":"Shaded","section":"Shading Mode"},"sceneLighting":true,"audioPlay":false,"sceneViewState":{"showFog":true,"showMaterialUpdate":false,"showSkybox":true,"showFlares":true,"showImageEffects":true,"showParticleSystems":true},"in2DMode":false,"pivot":{"x":3.7335009574890138,"y":4.153310775756836,"z":11.074901580810547},"rotation":{"x":0.25906792283058169,"y":-0.07235497236251831,"z":0.019499436020851136,"w":0.9629708528518677},"size":15.193394660949707,"orthographic":false}